{
  "weights": {
    "joint": 0.1,
    "bone": 0.8,
    "velocity": 0.1
  },
  "val_accuracy": 97.33333333333334,
  "equal_weights_accuracy": 96.44444444444444,
  "category": "Numbers"
}