{
  "temperatures": {
    "Agreement": 0.30862742706969426,
    "Apple": 0.13844486653930432,
    "Colour": 0.3971384373353405,
    "Friend": 0.21270706225386435,
    "Gift": 0.16974974568959267,
    "Market": 0.36952306590957257,
    "Monday": 0.20335746151217776,
    "Picture": 0.1283817069005081,
    "Proud": 0.4973687549540734,
    "Sweater": 0.5069243302352349,
    "Teach": 0.22991560476004513,
    "Tomatoes": 0.15247914639905863,
    "Tortoise": 0.1,
    "Twin": 0.1,
    "Ugali": 0.1329951755038424
  },
  "biases": {
    "Agreement": 4.39298765063803,
    "Apple": 1.5115759583594919,
    "Colour": -0.6009157558118159,
    "Friend": 1.0518185538450637,
    "Gift": 2.3369949757040773,
    "Market": -5.0,
    "Monday": 5.0,
    "Picture": 0.6510617485782991,
    "Proud": -4.063763649241053,
    "Sweater": -3.934235407802372,
    "Teach": 5.0,
    "Tomatoes": 5.0,
    "Tortoise": 4.523594455612405,
    "Twin": 0.17193560745730432,
    "Ugali": 2.527772126088777
  },
  "val_acc_uncalibrated": 93.75,
  "val_acc_calibrated": 97.55434782608695,
  "nll": 0.09381086692214403
}