{
  "weights": {
    "joint": 0.1,
    "bone": 0.15,
    "velocity": 0.75
  },
  "val_accuracy": 97.33333333333334,
  "equal_weights_accuracy": 97.33333333333334,
  "category": "Numbers"
}