{
  "weights": {
    "joint": 0.25,
    "bone": 0.25,
    "velocity": 0.5
  },
  "val_accuracy": 92.44444444444444,
  "equal_weights_accuracy": 88.88888888888889,
  "category": "Words"
}