{
  "weights": {
    "joint": 0.1,
    "bone": 0.75,
    "velocity": 0.15
  },
  "val_accuracy": 89.77777777777777,
  "equal_weights_accuracy": 89.33333333333333,
  "category": "Words"
}