{
  "weights": {
    "joint": 0.35,
    "bone": 0.3,
    "velocity": 0.35
  },
  "val_accuracy": 96.88888888888889,
  "equal_weights_accuracy": 96.88888888888889,
  "category": "Numbers"
}