{
  "weights": {
    "joint": 0.1,
    "bone": 0.7,
    "velocity": 0.2
  },
  "val_accuracy": 90.66666666666666,
  "equal_weights_accuracy": 89.77777777777777,
  "category": "Words"
}