{
  "weights": {
    "joint": 0.1,
    "bone": 0.4,
    "velocity": 0.5
  },
  "val_accuracy": 93.77777777777779,
  "equal_weights_accuracy": 92.88888888888889,
  "category": "Words"
}