{
  "weights": {
    "joint": 0.1,
    "bone": 0.3,
    "velocity": 0.6
  },
  "val_accuracy": 97.77777777777777,
  "equal_weights_accuracy": 97.33333333333334,
  "category": "Numbers"
}