{
  "weights": {
    "joint": 0.5,
    "bone": 0.25,
    "velocity": 0.25
  },
  "val_accuracy": 95.55555555555556,
  "equal_weights_accuracy": 94.66666666666667,
  "category": "Numbers"
}