{
  "weights": {
    "joint": 0.1,
    "bone": 0.4,
    "velocity": 0.30000000000000004,
    "bone_velocity": 0.19999999999999996
  },
  "val_acc": 91.11111111111111
}