{
  "weights": {
    "joint": 0.1,
    "bone": 0.2,
    "velocity": 0.7
  },
  "val_accuracy": 96.44444444444444,
  "equal_weights_accuracy": 96.44444444444444,
  "category": "Numbers"
}